Row Labels,0,1,Grand Total
0,318,23,341
1,91,73,164
Grand Total,409,96,505
,,,
,0.62970297,0.045544554,0.675247525
,0.18019802,0.144554455,0.324752475
,0.80990099,0.19009901,1
,,,
,TN,63%,
,TP,14%,
,FN,18%,
,FP,5%,
,AR,77%,
,,,
,0.80990099,,
