Count of set,Column Labels,,,,,,,
Row Labels,0,1,Grand Total,,Row Labels,0,1,Grand Total
0,168,10,178,,0,137,41,178
1,42,25,67,,1,26,41,67
Grand Total,210,35,245,,Grand Total,163,82,245
,,,,,,,,
,TN,0.943820225,,,,TN,0.769662921,
,TP,0.373134328,,,,TP,0.611940299,
,FN,0.2,,,,FN,0.159509202,
,FP,0.285714286,,,,FP,0.5,
,AR,0.787755102,,,,AR,0.726530612,
,,,,,,,,
,0.726530612,,,,,0.726530612,,
